sno,title,summary,link,pub_date,topic
0,The difference between Business Analysis and Business Analytics,"Business Analysis

It is mainly used to analyze the company's entire working process, business development, and other aspects. Such as discovering new business needs, and proposing/improving solutions to certain business problems. It may include changes in the company's organization, improvement of business processes, strategic planning, policy…",https://medium.com/dataprophet/the-difference-between-business-analysis-and-business-analytics-d55bd3cdaf5?source=rss------deep_learning-5,16-10-2021 06:09,news
1,Writing Off the Expenses of Starting Your Own Business,"Starting a business is no easy task, and some significant expenses can apply. Depending on your business scope, you may be able to deduct certain startup costs as business expenses from your taxes. Business expenses are costs incurred by your business to generate more revenue. 
 
Any expense that helps your business make more money could potentially count as a business expense. This can include costs such as advertising, payroll, rent, software fees, utility fees, and more. 
 
To help your startup save money, you should understand how to achieve the maximum tax deductions.",https://www.thebalance.com/writing-off-the-expenses-of-starting-your-own-business-5206929,22-10-2021 20:46,news
2,How To Register a Business Name,"Finding a business name is, well, serious business. You want something that will grow as your company does. While you can rebrand with a new name down the line, you'll save time, money, and confusion for clients by finding a business name to stick with for as long as possible.

But you can't just slap a sign on a website or building and call it a day. For legal and tax purposes, you typically have to register your business name. Unless you are a sole proprietor operating under your own name, you'll need to work with local, state, and federal agencies to register your business name.",https://blog.hubspot.com/sales/how-to-register-a-business-name,19-10-2021 11:00,business
3,"PDF Download*% Essential Statistics for Economics, Business and Manag…","Upcoming SlideShare What to Upload to SlideShare 
 Download to read offline and view in fullscreen. Author : by {""isAjaxInProgress_B001HCVKSG"":""0"",""isAjaxComplete_B001HCVKSG"":""0""} Teresa Bradley (Author) › Visit Amazon's Teresa Bradley Page Find all the books, read about the author, and more. See search results for this author Are you an author? Learn about Author Central Teresa Bradley (Author) Read Or Download => https://pdfupdates.com/0470850795 Essential Statistics for Economics, Business an",https://www.slideshare.net/nasirmckinley/pdf-download-essential-statistics-for-economics-business-and-management-read-book-epub,22-10-2021 03:32,news
4,"NBA, LegalZoom Team Up To Provide $6 Million In Support To Small Business Owners","The National Basketball Association (NBA) and LegalZoom, an online platform for legal services are teaming up to create 'Fast Break for Small Businesses.'

The Fast Break for Small Businesses Initiative will award $6 million in grants and LegalZoom services to support thousands of small businesses across the country. The initiative plans to change the game by removing barriers minorities, women, immigrants and the LGBTQ face trying to start and maintain a small business.

Former NBA All-Star Grant Hill is serving as an ambassador to the Fast Break for Small Business initiative believes LegalZoom and the NBA is working to help small business owners.",https://news.yahoo.com/nba-legalzoom-team-6-million-001043329.html,16-10-2021 00:10,news
5,MX Introduces MXdata For Business,"LEHI, Utah, Oct. 20, 2021 /PRNewswire/ -- MX, the financial data platform and leader in modern connectivity, today announced MXdata for Business. Built on MX's industry-leading financial data platform, MXdata for Business enhances business transaction data with cleansed descriptions, business-specific categories, classifiers, merchant logos, location data, and more. MXdata for Business provides a more holistic data solution for organizations interacting with small and midsize businesses (SMBs)—which increases the effectiveness of existing revenue streams, and simultaneously identifies new revenue opportunities.",https://apnews.com/press-release/pr-newswire/cb0d613b19c1fc3280c55de5b232415b,20-10-2021 15:21,news
6,Business Loan vs. Personal Loan: Which Is Best?,"For many companies and individuals, getting a loan can be a viable option to get access to immediate cash for both business and personal needs. However, there is no one-size-fits-all type of loan.
 
Whether you are a seasoned entrepreneur with a business in a cash crunch, or a new contractor looking for capital to take your business off the ground, you need to consider your financial needs to understand which type of loan is right for you.
 
Business loans provide capital for growing your company while personal loans can be used for nearly any purpose.",https://www.thebalance.com/business-loan-vs-personal-loan-which-is-best-5206434,20-10-2021 13:43,business
7,Sound Business Financial Literacy Skills Will Set Your Company Up For Profit,"What do you think is more important in business – sales or profit? It's a trick question because, without sales, there would be no profit in a business. However, without consistent profit in a company, there would be no business. As a business owner, there are many hats you need to wear, including the hat of a financial person. Smiling business woman getty You do not need to be an accountant, you do not need to do your bookkeeping, but if you are the CEO of your business, you need a high-level understanding of your business finances.",https://www.forbes.com/sites/melissahouston/2021/10/20/sound-business-financial-literacy-skills-will-set-your-company-up-for-profit/,20-10-2021 09:00,business
8,"Download In %PDF Demand Management Best Practices: Process, Principle…","Upcoming SlideShare What to Upload to SlideShare 
 Download to read offline and view in fullscreen. Author : by {""isAjaxComplete_B001K7T030"":""0"",""isAjaxInProgress_B001K7T030"":""0""} Colleen Crum (Author) › Visit Amazon's Colleen Crum Page Find all the books, read about the author, and more. See search results for this author Are you an author? Learn about Author Central Colleen Crum (Author), George Palmatier (Author) Read Or Download => https://bookslow.com/1932159010 Demand Management Best Pract",https://www.slideshare.net/AllysonSoto1/download-in-pdf-demand-management-best-practices-process-principles-and-collaboration-integrated-business-management-read-book-epub-250498001,22-10-2021 03:32,news
9,Online business school accreditation: What you need to know,"Accreditation indicates a school or program meets the standards established by the accrediting body. Colleges and universities hold regional or national accreditation, a designation that extends to on-campus and online offerings. Within institutions, individual departments and degrees may hold additional programmatic accreditations. For online business schools, programmatic accreditation comes from one of three professional bodies. Each accreditor certifies the academic quality of business degrees based on its own criteria for quality and excellence.",https://www.zdnet.com/article/online-business-school-accreditation/,22-10-2021 17:19,news
10,MX Introduces MXdata For Business,"""The needs and expectations of small businesses have evolved to require more technical product offerings to help them better manage their finances and grow their business,"" said Brett Allred, Chief Product Officer, MX. ""Once they get access to standardized, actionable data, organizations can track and measure performance gaps, identify new areas of investment, and develop profiles for their business customers. As a former small business owner, I know that accurate and insightful financial data is essential to grow a business.",https://www.prnewswire.com/news-releases/mx-introduces-mxdata-for-business-301404229.html,20-10-2021 14:03,news
11,Business courses online: Grow your business skills from home,"Whether you already work in business, want to transition into the field, or aspire to be your own boss, online business courses teach the skills to succeed, which you can learn from the comfort of your own home.Business courses online range from introductory to advanced, designed to accommodate your busy schedule. Taking online business classes also gives you an opportunity to explore the world of business and decide if a degree in the discipline is in your future. Should I take business courses online or pursue an MBA?If you want a quick, flexible, and affordable option for learning business skills, you should take business courses online.",https://www.zdnet.com/article/business-courses-overview/,21-10-2021 18:43,business
12,How supply chain disruptions are affecting Columbia Sportswear's business,"How supply chain disruptions are affecting Columbia Sportswear's business NPR's Michel Martin speaks with Columbia Sportswear CEO Tim Boyle about how recent supply chain issues have challenged his company.

Business How supply chain disruptions are affecting Columbia Sportswear's business How supply chain disruptions are affecting Columbia Sportswear's business Listen · 3:53 3:53 NPR's Michel Martin speaks with Columbia Sportswear CEO Tim Boyle about how recent supply chain issues have challenged his company.",https://www.npr.org/2021/10/17/1046905239/how-supply-chain-disruptions-are-affecting-columbia-sportswears-business,17-10-2021 21:04,news
13,Associate degrees in business administration: What to expect,"Whether you're a high school graduate or working professional, starting your higher education is a major career decision. This business administration associate degree guide explores online and traditional programs, course requirements, and hands-on learning opportunities and internships. It also goes over important soft and hard skills for business leaders seeking career advancement. What is an associate degree in business administration?An associate degree in business administration is the foundation of gaining a global understanding of business fundamentals.",https://www.zdnet.com/article/business-administration-associate/,22-10-2021 00:31,tech
14,Wells Fargo Business Secured Credit Card review 2021,"View now Business credit is difficult to get until a company is well established. In most cases, business founders need to put up their personal assets (and credit score) to get approved for a business line of credit. Entrepreneurs may not want to risk their personal credit for their company -- or may not even be able to, due to poor credit. The Wells Fargo Business Secured Credit Card is one of the few card options available for small businesses wanting to build credit while supplementing cash flow.",https://www.zdnet.com/article/wells-fargo-business-secured-credit-card-review/,21-10-2021 03:00,news
15,5 Important Factors To Consider Before Selling Your Business,"There are many reasons why people might choose to sell a business. Sometimes, they don't have enough time to continue investing, are ready to cash out, or simply have decided to focus on other parts of their life. Even when someone is not quite ready to sell their business today, it's crucial to have a structure in place for doing so and this will greatly improve the day-to-day operations.

It's much more difficult to make substantial changes the further along a business develops, so starting off early on with the proper structure is crucial.",https://www.forbes.com/sites/mikeswigunski/2021/10/22/5-important-factors-to-consider-before-selling-your-business,22-10-2021 14:30,business
16,Everything Marketers Should Know About Facebook Business Suite,"If you're managing social accounts on Facebook, Instagram, or both, you can likely benefit from the management dashboard that is Facebook Business Suite.
This free tool offers some powerful features for professional users. It can't tackle all of your daily social media needs, but it can help a lot. Let's look at how Facebook Business Suite can help your business and when you might need to add other tools into the mix. Bonus: Get a free social media analytics report template that shows you the most important metrics to track for each network.",https://blog.hootsuite.com/?p=295741,19-10-2021 19:00,news
17,"Chase Ink Business Unlimited Review: Good Choice for Simple, 1.5% Cash Back Business Rewards","We want to help you make more informed decisions. Some links on this page — clearly marked — may take you to a partner website and may result in us earning a referral commission. For more information, see How We Make Money.   Terms apply to American Express benefits and offers. Enrollment may be required for some American Express benefits and offers. Visit americanexpress.com to learn more. Ink Business Unlimited® Credit Card Editor's Score: (N/A)Last updated October 22, 2021All reviews are prepared by NextAdvisor staff.",https://time.com/nextadvisor/credit-cards/chase/ink-business-unlimited-credit-card-review/,22-10-2021 10:30,news
18,5 Steps You Can Take to Start a Small Town Business,"Opinions expressed by Entrepreneur contributors are their own. There are many different kinds of entrepreneurs. Some are drawn to a business just because of an innate passion for what they are doing, some are bred into it and others discovered a problem and want to create a solution for that problem in the marketplace. For those who want to start a business in the small-town communities  — how can you make sure you do it right?Related: Who Is an EntrepreneurIdentifying a gap in a small town is as simple as a Google search followed by taking a walk.",https://www.entrepreneur.com/article/380261,16-10-2021 21:00,business
19,Bank of America Launches Business Advantage Unlimited Cash Rewards Card for Entrepreneurs,"CHARLOTTE, N.C., Oct. 21, 2021 /PRNewswire/ -- Bank of America today announced the launch of the Business Advantage Unlimited Cash Rewards card. This new card allows small business owners to earn unlimited 1.5% cash back on all purchases. Cash rewards don't expire, and redemption is simple: small business clients can redeem their cash back for any amount, at any time for statement credits or deposits directly into a Bank of America checking or savings account, or for credit to an eligible Merrill account.",https://www.prnewswire.com/news-releases/bank-of-america-launches-business-advantage-unlimited-cash-rewards-card-for-entrepreneurs-301405640.html,21-10-2021 13:00,finance
20,Bank of America Launches Business Advantage Unlimited Cash Rewards Card for Entrepreneurs,"Preferred Rewards for Business Members Earn 25% to 75% More Cash Back on Every Purchase; New Payments and Invoicing Solution also among Latest Innovations for Small Business Clients

CHARLOTTE, N.C., Oct. 21, 2021 /PRNewswire/ -- Bank of America today announced the launch of the Business Advantage Unlimited Cash Rewards card. This new card allows small business owners to earn unlimited 1.5% cash back on all purchases. Cash rewards don't expire, and redemption is simple: small business clients can redeem their cash back for any amount, at any time for statement credits or deposits directly into a Bank of America checking or savings account, or for credit to an eligible Merrill account.",https://finance.yahoo.com/news/bank-america-launches-business-advantage-130000420.html,21-10-2021 13:00,finance
21,Best Startup Business Loans Ultimate Guide 2021,"Getting a small business loan can be challenging if your company doesn't have an established history of success. However, there are several types of startup loans that are suited to a range of needs and qualifications.
Online Term Loans
Term loans are typically available through traditional banks and online lenders; however, banks may require more qualification requirements than online lenders. Term loans from online lenders generally have maximum limits between $250,000 and $500,000, but newly established startups likely won't qualify for loan amounts that high.",https://www.forbes.com/advisor/business-loans/best-startup-business-loans/,20-10-2021 16:07,news
22,Bank of America Business Advantage Customized Cash Rewards credit card review,"Gig workers, freelancers, small business owners and anyone starting a business should consider having a business credit card to separate their personal expenses from company-related ones. This Bank of America Business Advantage Customized Cash Rewards credit card review explores the card as an option.Even if you don't have established business credit, you could apply and get a business credit card using your personal credit. The Bank of America Business Advantage Customized Cash Rewards credit card could earn you the most cash back when the bulk of your company spending occurs in one type of category.",https://www.zdnet.com/article/bank-of-america-business-advantage-customized-cash-rewards-card-review/,21-10-2021 01:00,tech
23,The Cost & Importance of Small Business Insurance,"No matter the industry, small businesses need to protect their work and assets. While small business insurance can seem like a burden, it's an important part of doing business. But how much should you be paying for business insurance? And how can you be sure your investments are properly protecting you?

Your small business insurance costs will vary based on factors like your preferred type of coverage and industry. If you're searching for small business insurance, knowing some common prices for your line of work can help you navigate the various quotes you receive to choose the best policy and company for you.",https://blog.hubspot.com/sales/small-business-insurance-cost,22-10-2021 11:00,business
24,"Gartner Survey of Over 2,000 CIOs Reveals the Need for Enterprises to Embrace Business Composability in 2022","October 18, 2021 02:00 PM Eastern Daylight Time STAMFORD, Conn.--(BUSINESS WIRE)--Enterprises must embrace business composability to thrive through disruption in 2022 and beyond, according to Gartner, Inc.'s annual global survey of CIOs and technology executives.



Business composability is the mindset, technologies, and set of operating capabilities that enable organizations to innovate and adapt quickly to changing business needs. It is built on applying the key principle of modularity to business assets to achieve the scale and pace required of business ambition.",https://www.businesswire.com/news/home/20211018005875/en/Gartner-Survey-of-Over-2000-CIOs-Reveals-the-Need-for-Enterprises-to-Embrace-Business-Composability-in-2022,18-10-2021 18:00,tech
25,"Global Spectator Sports Market Report 2021 Featuring FC Barcelona, Dallas Cowboys, Real Madrid, Manchester United, & New York Yankees","Dublin, Oct. 20, 2021 (GLOBE NEWSWIRE) -- The ""Spectator Sports Global Market Opportunities and Strategies to 2030: COVID-19 Impact and Recovery"" report has been added to ResearchAndMarkets.com's offering. The global sports market, of which the spectator sports market is a segment, reached a value of nearly $94,435.9 million in 2020, having declined at -2.1% since 2015. It is expected to grow at a compound annual growth rate (CAGR) of 16.3% to reach nearly $200,878.0 million by 2025. The participatory sports market was the largest segment in the global sports, accounting for 72.",https://www.globenewswire.com/news-release/2021/10/20/2317073/28124/en/Global-Spectator-Sports-Market-Report-2021-Featuring-FC-Barcelona-Dallas-Cowboys-Real-Madrid-Manchester-United-New-York-Yankees.html,20-10-2021 00:00,news
26,"Global $200 Billion Spectator Sports Markets Analysis & Forecasts, 2015-2020 & 2021-2030","DUBLIN, Oct. 20, 2021 /PRNewswire/ -- The ""Spectator Sports Global Market Opportunities and Strategies to 2030: COVID-19 Impact and Recovery"" report has been added to ResearchAndMarkets.com's offering.
The global sports market, of which the spectator sports market is a segment, reached a value of nearly $94,435.9 million in 2020, having declined at -2.1% since 2015. It is expected to grow at a compound annual growth rate (CAGR) of 16.3% to reach nearly $200,878.0 million by 2025. The participatory sports market was the largest segment in the global sports, accounting for 72.",https://www.prnewswire.com/news-releases/global-200-billion-spectator-sports-markets-analysis--forecasts-2015-2020--2021-2030-301404436.html,20-10-2021 11:00,news
27,Spectator Sports Global Market Opportunities and Strategies to 2030: COVID-19 Impact and Recovery,"October 20, 2021 06:47 AM Eastern Daylight Time DUBLIN--(BUSINESS WIRE)--The ""Spectator Sports Global Market Opportunities and Strategies to 2030: COVID-19 Impact and Recovery"" report has been added to ResearchAndMarkets.com's offering.



The global sports market, of which the spectator sports market is a segment, reached a value of nearly $94,435.9 million in 2020, having declined at -2.1% since 2015. It is expected to grow at a compound annual growth rate (CAGR) of 16.3% to reach nearly $200,878.",https://www.businesswire.com/news/home/20211020005539/en/Spectator-Sports-Global-Market-Opportunities-and-Strategies-to-2030-COVID-19-Impact-and-Recovery---ResearchAndMarkets.com,20-10-2021 10:47,news
28,"Global Spectator Sports Market Report 2021 Featuring FC Barcelona, Dallas Cowboys, Real Madrid, Manchester United, & New York Yankees","Dublin, Oct. 20, 2021 (GLOBE NEWSWIRE) -- The ""Spectator Sports Global Market Opportunities and Strategies to 2030: COVID-19 Impact and Recovery"" report has been added to ResearchAndMarkets.com's offering.

The global sports market, of which the spectator sports market is a segment, reached a value of nearly $94,435.9 million in 2020, having declined at -2.1% since 2015. It is expected to grow at a compound annual growth rate (CAGR) of 16.3% to reach nearly $200,878.0 million by 2025. The participatory sports market was the largest segment in the global sports, accounting for 72.",https://finance.yahoo.com/news/global-spectator-sports-market-report-080300130.html,20-10-2021 08:03,news
29,Fosun Sports Group announces new entity to deepen global sports industry footprint,"HONG KONG, Oct. 19, 2021 /PRNewswire/ -- On October 19, 2021, Fosun Sports Group (hereinafter referred to as 'Fosun Sports'), a global pan-sports industry operating group company and subsidiary of Fosun International's happiness segment, announced the formal establishment of Fosun Sports as a holding entity, and the acquisition of core operating assets and management team of Foyo, in games, esports and sports. At the same time, Fosun Sports has received a minority strategic investment from the U.",https://finance.yahoo.com/news/fosun-sports-group-announces-entity-090000050.html,19-10-2021 09:00,gaming
30,Fosun Sports Group announces new entity to deepen global sports industry footprint,"HONG KONG, Oct. 19, 2021 /PRNewswire/ -- On October 19, 2021, Fosun Sports Group (hereinafter referred to as 'Fosun Sports'), a global pan-sports industry operating group company and subsidiary of Fosun International's happiness segment, announced the formal establishment of Fosun Sports as a holding entity, and the acquisition of core operating assets and management team of Foyo, in games, esports and sports. At the same time, Fosun Sports has received a minority strategic investment from the U.",https://www.prnewswire.com/news-releases/fosun-sports-group-announces-new-entity-to-deepen-global-sports-industry-footprint-301403059.html,19-10-2021 09:00,news
31,SBLive Sports Announces Partnership with Sports Illustrated Media Group,"SPOKANE, Wash., Oct. 18, 2021 /PRNewswire/ -- SBLive Sports ( www.scorebooklive.com ), the fastest-growing high school sports media company in the nation, has entered into a partnership with The Arena Group under the fastest-growing sports media property globally, Sports Illustrated Media Group.

SBLive Sports announces partnership with Sports Illustrated Media Group.

After emerging as a leading destination for high school sports fans in California, Texas, Washington, Mississippi, Arkansas, Georgia, Oregon and other states, SBLive Sports is joining the collective vertical of online sports brands anchored by Sports Illustrated , recently ranked No.",https://finance.yahoo.com/news/sblive-sports-announces-partnership-sports-190000317.html,18-10-2021 19:00,gaming
32,FanClub Sports Finally Announces its Long-Awaited Public Launch,"TORONTO and MADRID, Oct. 18, 2021 /PRNewswire/ -- Co-Founders David Mirynech, Mate Kovacs & Brian Leiberman are proud to announce the launch of FanClub Sports (FanClub). 
Headquartered in Toronto, Canada, with offices in Madrid, Spain, FanClub Sports is a sports investment platform and community that democratizes access to investing in pro sports. FanClub provides team owners and limited partners (LPs) with financing and liquidity while giving investors and fans a chance to own professional sports clubs.",https://www.prnewswire.com/news-releases/fanclub-sports-finally-announces-its-long-awaited-public-launch-301401795.html,18-10-2021 15:00,business
33,Sports Innovation Lab Announces Creation of Women's Sports Leadership...,"Sports Innovation Lab's Women's Sports Leadership Board The Women's Sports Leadership Board is a landmark step in the growth of women's sports.

Sports Innovation Lab, a data-driven fan intelligence company, announced today at the 2021 espnW: Women + Sports Summit the formation of the Women's Sports Leadership Board, bringing together leading executives from leagues, media networks, brands, retailers, and other influential properties from across the sports landscape. The board is the first of its kind, specifically dedicated to accelerating the growth and commercialization of women's sports.",https://www.prweb.com/releases/sports_innovation_lab_announces_creation_of_womens_sports_leadership_board_at_espnw_women_sports_summit/prweb18275393.htm,19-10-2021 00:00,tech
34,Global Sports Software (Management) Market Share Projected to Reach USD 13.6 Billion by 2026: Facts & Factors,"New York, NY, Oct. 20, 2021 (GLOBE NEWSWIRE) -- Facts and Factors have published a new research report titled 'Sports Software Market By Deployment Mode (Cloud-Based Deployment & On-Premises Deployment), By Application (Event Management & Scheduling, Team Management, Marketing Management, Client Management, Others), And By Regions - Global & Regional Industry Perspective, Comprehensive Analysis, and Forecast 2021 - 2026' in its research database 'According to the report, the global sports software market was valued at approximately USD 5.",https://www.globenewswire.com/news-release/2021/10/20/2317423/0/en/Global-Sports-Software-Management-Market-Share-Projected-to-Reach-USD-13-6-Billion-by-2026-Facts-Factors.html,20-10-2021 00:00,news
35,Insights on the Sports Mouthguard Global Market to 2028,"DUBLIN, Oct. 21, 2021 /PRNewswire/ --The ""Global Sports Mouthguard Market Forecast to 2028 - COVID-19 Impact and Global Analysis By Product (Stock Mouthguard, Boil and Bite Mouthguard, Custom Made Mouthguard, Smart Mouthguards); Distribution Channel (Offline, Online), and Geography"" report has been added to ResearchAndMarkets.com's offering. 
The sports mouthguard market is expected to reach US$ 4,958.90 million by 2028 from US$ 2,419.89 million in 2021; it is estimated to grow at a CAGR of 10.8% from 2021 to 2028.",https://www.prnewswire.com/news-releases/insights-on-the-sports-mouthguard-global-market-to-2028---by-product-distribution-channel-and-geography-301405683.html,21-10-2021 15:45,news
36,Ensuring Community Sports Programs Survive and Keeping Your Kids Active,"Olympic Gold Medalist Benita Fitzgerald Mosley Discusses the Importance of Organized Sports for Every Kid, Family and Community

New York, New York --News Direct-- YourUpdateTV

Similar to so many other small business owners (restaurants, shops and other local services), the leaders running youth sports programs have faced an evolving multitude of challenges over the past 20 months as the pandemic continues to impact both the programs and the kids they serve. Recently, Olympic Gold Medalist Benita Fitzgerald Mosley participated in a nationwide satellite media tour to discuss the importance of organized sports for every kid, family and community.",https://finance.yahoo.com/news/ensuring-community-sports-programs-survive-154000821.html,22-10-2021 15:40,news
37,"First sports equinox arrives: NFL, NBA, MLB, NHL all play in October after thrilling WNBA Finals","The holiday season is fast approaching, but for sports fans, it's already the most wonderful time of the year. October means the sports calendar is in full swing. The WNBA recently wrapped a thrilling final on Sunday. Major League Baseball is completing its pennant races ahead of the World Series starting next week. The NHL returned last week and the NBA returned to its normal calendar with teams opening this week. The college football season is halfway through and the NFL rolls on with Week 7.  With these sports all aligning on Thursday, the phenomenon known as ""sports equinox"" has arrived.",https://www.usatoday.com/story/sports/2021/10/21/sports-equinox-2021-nba-nfl-mlb-nhl/8537655002/,21-10-2021 10:06,news
38,Online sports betting launches in Connecticut on Tuesday,"Wannabe Massachusetts sports bettors now have a new state border they can cross to place a bet using their phone, as Connecticut launched online wagering Tuesday both for sports betting and casino games.The Massachusetts Legislature is still hashing out potential sports betting legislation with no bill expected to be sent out in the immediate future.DraftKings is partnering with Foxwoods Resort Casino, FanDuel with Mohegan Sun and PlaySugarHouse with the state lottery. Now, anyone 21 years or older can drive into the Nutmeg State and place a sports bet or play some blackjack by the side of the road.",https://www.bostonglobe.com/2021/10/19/sports/online-sports-betting-launches-connecticut-tuesday/,19-10-2021 17:25,news
39,Global Sports Mouthguard Market (2021 to 2028),"Dublin, Oct. 21, 2021 (GLOBE NEWSWIRE) -- The ""Global Sports Mouthguard Market Forecast to 2028 - COVID-19 Impact and Global Analysis By Product (Stock Mouthguard, Boil and Bite Mouthguard, Custom Made Mouthguard, Smart Mouthguards); Distribution Channel (Offline, Online), and Geography"" report has been added to ResearchAndMarkets.com's offering. The sports mouthguard market is expected to reach US$ 4,958.90 million by 2028 from US$ 2,419.89 million in 2021; it is estimated to grow at a CAGR of 10.",https://www.globenewswire.com/news-release/2021/10/21/2318117/28124/en/Global-Sports-Mouthguard-Market-2021-to-2028-Featuring-Shock-Doctor-MOGO-Sport-and-Brain-Pad-Among-Others.html,21-10-2021 00:00,news
40,SBLive Sports Announces Partnership with Sports Illustrated Media Group,"After emerging as a leading destination for high school sports fans in California, Texas, Washington, Mississippi, Arkansas, Georgia, Oregon and other states, SBLive Sports is joining the collective vertical of online sports brands anchored by Sports Illustrated, recently ranked No. 6 across Comscore sports media with more than 42 million monthly users.

SBLive's original content includes national football and basketball rankings, athlete of the week features across more than a dozen states, podcasts, player profiles and more.",https://www.prnewswire.com/news-releases/sblive-sports-announces-partnership-with-sports-illustrated-media-group-301402536.html,18-10-2021 19:00,business
41,Amendment stresses physical education,"By Sun Xiaochen | China Daily | Updated: 2021-10-20 09:44 Share - WeChat Pupils run on the playground at a primary school in Longnan city, Northwest China's Gansu province, on Aug 31, 2020. [Photo/Xinhua] An amendment to China's sports law that emphasizes physical education, the sports industry and combating doping is expected to help the country further develop into an international sports power. The draft revision of the Law on Physical Culture and Sports, which was submitted to China's top legislature on Tuesday for first review, outlines updated requirements for guaranteeing enough sports participation by students on campuses, measures to promote the balanced development of the sports industry and new measures to prevent doping in sports.",https://www.chinadaily.com.cn/a/202110/20/WS616f7494a310cdd39bc7004d.html,20-10-2021 02:30,news
42,Global Sports Mouthguard Market (2021 to 2028),"Dublin, Oct. 21, 2021 (GLOBE NEWSWIRE) -- The ""Global Sports Mouthguard Market Forecast to 2028 - COVID-19 Impact and Global Analysis By Product (Stock Mouthguard, Boil and Bite Mouthguard, Custom Made Mouthguard, Smart Mouthguards); Distribution Channel (Offline, Online), and Geography"" report has been added to ResearchAndMarkets.com's offering.



The sports mouthguard market is expected to reach US$ 4,958.90 million by 2028 from US$ 2,419.89 million in 2021; it is estimated to grow at a CAGR of 10.",https://finance.yahoo.com/news/global-sports-mouthguard-market-2021-101300067.html,21-10-2021 10:13,news
43,Worldwide Sports Mouthguard Industry to 2028,"October 21, 2021 09:18 AM Eastern Daylight Time DUBLIN--(BUSINESS WIRE)--The ""Global Sports Mouthguard Market Forecast to 2028 - COVID-19 Impact and Global Analysis By Product (Stock Mouthguard, Boil and Bite Mouthguard, Custom Made Mouthguard, Smart Mouthguards); Distribution Channel (Offline, Online), and Geography"" report has been added to ResearchAndMarkets.com's offering.



The sports mouthguard market is expected to reach US$ 4,958.90 million by 2028 from US$ 2,419.89 million in 2021; it is estimated to grow at a CAGR of 10.",https://www.businesswire.com/news/home/20211021005656/en/Worldwide-Sports-Mouthguard-Industry-to-2028---Rising-Number-of-Sports-Clubs-and-Leagues-Across-Globe-Presents-Opportunities---ResearchAndMarkets.com,21-10-2021 13:18,business
44,Youth Enrichment Brands Launches With Acquisition of i9 Sports®,"SAN RAFAEL, Calif.--(BUSINESS WIRE)--Oct 19, 2021--Youth Enrichment Brands, a new platform of leading youth activities brands, launched today following the acquisition of i9 Sports.Youth Enrichment Brands is the nation's leading youth activities company, offering camps, leagues, clinics, and other programs that annually serve more than 600,000 kids ranging from 2 to 18 years old. Backed by Atlanta-based Roark Capital, Youth Enrichment Brands encompasses US Sports Camps, the official provider of Nike Sports Camps, i9 Sports, the nation's largest youth sports league franchisor, and U.",https://www.businesswire.com/news/home/20211019005388/en/,19-10-2021 13:02,news
45,Another fantasy sports betting firm gets Louisiana license,"BATON ROUGE, La. (AP) — A second company is receiving a state license to run fantasy sports betting operations in the nearly three-quarters of Louisiana parishes where voters authorized the activity.The Louisiana Gaming Control Board voted unanimously Thursday for FanDuel to join DraftKings in launching fantasy sports contests in the 47 parishes allowed to have the gaming after the November 2018 election outcome. In fantasy sports, people create imaginary teams of real-life sports players and score points based on how those players perform in actual games.",https://www.chron.com/news/article/Another-fantasy-sports-betting-firm-gets-16552349.php,21-10-2021 19:21,news
46,Chelsea vs Liverpool on Sky Sports as festive TV dates announced,Tuesday November 3019:30 Newcastle v Norwich (Amazon Prime) 20:15 Leeds v Crystal Palace (Amazon Prime)Wednesday December 1 19:30 Southampton v Leicester (Amazon Prime)19:30 Watford v Chelsea (Amazon Prime)19:30 West Ham v Brighton (Amazon Prime)19:30 Wolves v Burnley (Amazon Prime)20:15 Aston Villa v Man City (Amazon Prime)20:15 Everton v Liverpool (Amazon Prime)Thursday December 2 19:30 Spurs v Brentford (Amazon Prime) 20:15 Man Utd v Arsenal (Amazon Prime)Saturday December 412:30 West Ham v C,https://www.dailymail.co.uk/sport/football/article-10104167/Chelsea-vs-Liverpool-January-2-shown-Sky-Sports-festive-TV-schedule-revealed.html,18-10-2021 15:15,sport
47,Every first-year FBS head coach's record at mid-season,"Bryan Harsin's culture has started to take root at Auburn.
The talk of 'getting better every week' and 'being 1-0' wasn't beginning to become stale and following the Georgia State game, there were some fans that were disgruntled with the product Auburn was putting out on the field. Just a few weeks later, Harsin still has his team in contention for the SEC West title and a potential trip to Atlanta for the SEC Championship still on the table.
Auburn currently sits at 5-2 and No. 19 in the week seven AP top 25 poll.",https://auburnwire.usatoday.com/lists/every-first-year-fbs-head-coachs-record-at-mid-season/,17-10-2021 18:00,news
48,Another fantasy sports betting firm gets Louisiana license,"BATON ROUGE, La. (AP) — A second company is receiving a state license to run fantasy sports betting operations in the nearly three-quarters of Louisiana parishes where voters authorized the activity.The Louisiana Gaming Control Board voted unanimously Thursday for FanDuel to join DraftKings in launching fantasy sports contests in the 47 parishes allowed to have the gaming after the November 2018 election outcome. In fantasy sports, people create imaginary teams of real-life sports players and score points based on how those players perform in actual games.",https://www.sfgate.com/news/article/Another-fantasy-sports-betting-firm-gets-16552349.php,21-10-2021 19:21,news
49,Chicago Bulls all-time roster: See which legends made the cut,"As part of celebrating their 75th anniversary, the NBA is releasing a list of the greatest 75 players of all-time, which they're calling NBA 75.

In honor of NBA 75, we have put together a similar list — the Chicago Bulls all-time roster. The roster is made up of the most important 15 players and three coaches in Bulls history, starting from 1966 to present day.

Now, for players like Dwyane Wade, who are undeniable Hall of Famers, don't fit the bill of making the all-time roster for the Bulls with playing such small stints with the franchise.",https://sports.yahoo.com/chicago-bulls-time-roster-see-225925691.html,18-10-2021 22:59,sport
50,Evaluating the Intertwined Relationships of the Drivers for University Technology Transfer,"This is an early access version, the complete PDF, HTML, and XML versions will be available soon.


Open AccessArticle by
 


Department of International Business, Tamkang University, New Taipei City 251301, Taiwan



Academic Editors: Tobias Meisen and Ricardo Colomo-Palacios

Appl. Sci. 2021, 11(20), 9668; https://doi.org/10.3390/app11209668 (registering DOI)


Received: 10 September 2021 / Revised: 8 October 2021 / Accepted: 14 October 2021 / Published: 16 October 2021



Download PDF

Citation Export

 BibTeX

EndNote

RIS

Cite This Paper


 

Universities are the best places to gather knowledge and innovation, but the basis of technological development lies in talented R&D personnel who provide services to enterprise R&D activities, research institutions, and universities.",https://www.mdpi.com/2076-3417/11/20/9668,16-10-2021 00:00,science
51,"Autonomous Navigation Technology Market Size, Revenue, Demand, Major Regions, Acquisitions Landscape, Current Trends, and Forecast 2026","The MarketWatch News Department was not involved in the creation of this content. Oct 20, 2021 (The Expresswire) --
""Final Report will add the analysis of the impact of COVID-19 on this industry.""Global'Autonomous Navigation Technology Market'presents in-depth analysis of the drivers and restraints impacting the overall market. Analysts have studied the key trends defining the trajectory of the market. The research report also includes an assessment of the achievements made by the players in the global Autonomous Navigation Technology market so far.",https://www.marketwatch.com/press-release/autonomous-navigation-technology-market-size-revenue-demand-major-regions-acquisitions-landscape-current-trends-and-forecast-2026-2021-10-20,20-10-2021 06:30,news
52,There is no YouTube Filter; It's AudibleMagic – TechCrunch,"After months of intense and very public debate, closely tied to the Google acquisition, YouTube is reported to have licensed copyright filtering technology from AudibleMagic. The San Jose Mercury News cites two unnamed sources as saying that Google will soon unveil filtering technology for YouTube from the leading third party filtering provider, Audible Magic.
What does this mean? It means that the months of assurances that YouTube had copyright filtering technology in development and about to be implemented were either a ruse to buy time or a failed effort that has collapsed under pressure today.",https://techcrunch.com/2007/02/22/there-is-no-youtube-filter-its-audiblemagic/,16-10-2021 15:43,news
53,How Technology Changed Communication — Pros and Cons,"Photo from UnsplashOriginally Posted On: https://www.rosiinc.com/blog/how-technology-changed-communication-pros-and-cons/I remember when I was issued company email in the mid 90s. It went a little something like ths: someone would call me on the phone to inform me that they sent me an email, and then I'd wait in my office cubicle staring a hole into my computer screen until it showed up. Sometimes information would arrive by fax; most of the time followed up with a phone call to explain in more detail the purpose of the communication.",https://medium.com/@TechBreaker/how-technology-changed-communication-pros-and-cons-6401cb82999e,17-10-2021 03:26,entertainment
54,The pitch deck for Trump's new media venture teases a 'conservative media universe' meant to rival the mainstream,"Trump launched his new Twitter copycat TRUTH after being booted from mainstream social platforms for violating their policies. Trump Media & Technology Group Corp.

Trump is rolling out a Twitter-like social app called TRUTH.

The app is part of a larger company that aims to create a media ecosystem free of ""liberal bias.""

The firm, TMTG, wants to become a ""media powerhouse"" to take on the streaming and news companies.

Former President Donald Trump is forging yet another attack on what he and other conservatives say is mainstream media's crusade to censor them.",https://news.yahoo.com/pitch-deck-trumps-media-venture-194214347.html,21-10-2021 19:42,news
55,Global Broadcast and Media Technology Market Size to 2027,"Pune, Oct. 20, 2021 (GLOBE NEWSWIRE) -- ""Final Report will add the analysis of the impact of COVID-19 on this industry.""

The global 'Broadcast and Media Technology Market' 2021-2027 study provides critical information related to the global, regional and top players including Broadcast and Media Technology market share analysis, winning strategies, recent developments, and financial planning. Besides providing information regarding the key players in the Broadcast and Media Technology market, the study also recalibrates, the impact of macroeconomic and microeconomic factors that has the potential to impact the growth of the Broadcast and Media Technology market.",https://www.globenewswire.com/news-release/2021/10/20/2317374/0/en/Global-Broadcast-and-Media-Technology-Market-Size-to-2027-Analysis-By-Upcoming-Trends-and-Challenges-Industry-Revenue-Growth-Factors-Future-Strategic-Planning-Key-Vendors-Market-Co.html,20-10-2021 12:05,news
56,Rackspace Technology Appoints Shashank Samant to Board of Directors,"SAN ANTONIO, Oct. 19, 2021 (GLOBE NEWSWIRE) -- Rackspace Technology® (NASDAQ: RXT), a leading end-to-end multicloud technology solutions company, today announced the appointment of Shashank Samant to its board of directors, effective as of October 18, 2021. ""Shashank has extensive global technology services industry experience and brings a passion for technology and innovation to Rackspace Technology,' said Kevin Jones, Director and CEO, Rackspace Technology. 'We are truly fortunate to have him join the board, and I am looking forward to working with him.",https://www.globenewswire.com/news-release/2021/10/19/2316890/0/en/Rackspace-Technology-Appoints-Shashank-Samant-to-Board-of-Directors.html,19-10-2021 20:45,news
57,Reynolds' Jit Papneja accepted into Forbes Technology Council,"I am elated to join this group of esteemed technology leaders. Reynolds' mission is to create A Better Tomorrow™ and technology plays a critical role in that WINSTON-SALEM, N.C. (PRWEB) October 17, 2021 Jit Papneja, Vice President, Data Analytics for the Reynolds American group of companies ('Reynolds'), has been accepted into Forbes Technology Council, an invitation-only community for world-class CIOs, CTOs, and technology executives Jit was vetted and selected by a review committee based on the depth and diversity of data analytics experience.",https://www.prweb.com/releases/reynolds_jit_papneja_accepted_into_forbes_technology_council/prweb18269052.htm,17-10-2021 00:00,tech
58,BeLive Technology appoints FTAG Ventures as Venture Builder to accelerate expansion,"BeLive Technology appoints FTAG Ventures as Venture Builder to accelerate expansion in the hypergrowth live streaming industry

SINGAPORE, Oct. 19, 2021 /PRNewswire/ -- Live streaming solutions provider BeLive Technology has announced it has appointed FTAG Ventures as Venture Builder to help accelerate the company's expansion in the live streaming industry, as it looks to enter the US market in early 2022.

BeLive Technology is the leading provider of live streaming solutions in Southeast Asia and has powered solutions to brands such as Zalora, Valiram Group, Rakuten Group, and Bukalapak.",https://finance.yahoo.com/news/belive-technology-appoints-ftag-ventures-125300785.html,19-10-2021 12:53,gaming
59,International Game Technology PLC (NYSE:IGT) Is About To Turn The Corner,"International Game Technology PLC (NYSE:IGT) is possibly approaching a major achievement in its business, so we would like to shine some light on the company. International Game Technology PLC operates and provides gaming technology products and services worldwide. The US$6.0b market-cap company posted a loss in its most recent financial year of US$939m and a latest trailing-twelve-month loss of US$428m shrinking the gap between loss and breakeven. As path to profitability is the topic on International Game Technology's investors mind, we've decided to gauge market sentiment.",https://www.nasdaq.com/articles/international-game-technology-plc-nyse%3Aigt-is-about-to-turn-the-corner-2021-10-16,16-10-2021 10:45,news
60,US Sports Technology Market Research Report (2021 to 2026),"October 22, 2021 09:50 AM Eastern Daylight Time DUBLIN--(BUSINESS WIRE)--The ""Sports Technology Market Research Report by Technology (Device, eSports, and Smart Stadium), by Sports Types (American Football/Rugby, Baseball, and Basketball), by State - United States Forecast to 2026 - Cumulative Impact of COVID-19"" report has been added to ResearchAndMarkets.com's offering.



The United States Sports Technology Market size was estimated at USD 2,259.44 million in 2020 and expected to reach USD 2,796.",https://www.businesswire.com/news/home/20211022005306/en/US-Sports-Technology-Market-Research-Report-2021-to-2026---by-Technology-Sports-Types-and-State---ResearchAndMarkets.com,22-10-2021 13:50,tech
61,US Sports Technology Market Research Report (2021 to 2026),"DUBLIN, October 22, 2021--(BUSINESS WIRE)--The ""Sports Technology Market Research Report by Technology (Device, eSports, and Smart Stadium), by Sports Types (American Football/Rugby, Baseball, and Basketball), by State - United States Forecast to 2026 - Cumulative Impact of COVID-19"" report has been added to ResearchAndMarkets.com's offering.

The United States Sports Technology Market size was estimated at USD 2,259.44 million in 2020 and expected to reach USD 2,796.81 million in 2021, at a CAGR 20.",https://finance.yahoo.com/news/us-sports-technology-market-research-135000436.html,22-10-2021 13:50,news
62,"WM Technology, Inc. Announces Third Quarter 2021 Financial Results Conference Call","October 21, 2021 04:15 PM Eastern Daylight Time IRVINE, Calif.--(BUSINESS WIRE)--WM Technology, Inc. ('WM Technology' or the 'Company') (Nasdaq: MAPS), a leading technology and software infrastructure provider to the cannabis industry, today announced it will report financial results for its third quarter ended September 30, 2021 after market close on Thursday, November 11, 2021. Management will host a conference call and webcast to discuss the Company's financial results at 2:00 p.m. Pacific Time (or 5:00 p.",https://www.businesswire.com/news/home/20211021005996/en/WM-Technology-Inc.-Announces-Third-Quarter-2021-Financial-Results-Conference-Call,21-10-2021 20:15,news
63,Singapore Defence Technology Summit 2021 Taps ARHT Media's HoloPresence Technology,"Heidi Shyu, Under Secretary of Defense for Research and Engineering, United States Department of Defense (DoD) appears as a live hologram thanks to ARHT Media's HoloPresence technology

Heidi Shyu, Under Secretary of Defense for Research and Engineering, United States Department of Defense (DoD) appears as a live hologram thanks to ARHT Media's HoloPresence technology. Heidi Shyu was appearing for her keynote at the Singapore Defence Technology Summit 2021 and was beamed from Washington DC.

Heidi Shyu, Under Secretary of Defense for Research and Engineering, United States Department of Defense (DoD) appears as a live hologram thanks to ARHT Media's HoloPresence technology.",https://finance.yahoo.com/news/singapore-defence-technology-summit-2021-123000954.html,18-10-2021 12:30,news
64,AUKUS essentially a ‘defence industry and technology information sharing arrangement',"Former defence department secretary Dennis Richardson says AUKUS is essentially a 'defence industry and technology information sharing arrangement'. Speaking with Sky News Australia, Mr Richardson said AUKUS is 'particularly important' because it brings together Australia, the US and the UK. 'It is not an alliance as a lot of commentators refer to it.'It is not a pact. 'It is essentially a defence industry and technology information sharing arrangement.'",https://www.news.com.au/national/aukus-essentially-a-defence-industry-and-technology-information-sharing-arrangement/video/5d5aff920963d14e0d42936aa3f4a3c1,17-10-2021 08:17,news
65,US Sports Technology Market Research Report (2021 to 2026),"Press release content from Business Wire. The AP news staff was not involved in its creation.

US Sports Technology Market Research Report (2021 to 2026) - by Technology, Sports Types and State - ResearchAndMarkets.com

Press release content from Business Wire. The AP news staff was not involved in its creation.

DUBLIN--(BUSINESS WIRE)--Oct 22, 2021--

The 'Sports Technology Market Research Report by Technology (Device, eSports, and Smart Stadium), by Sports Types (American Football/Rugby, Baseball, and Basketball), by State - United States Forecast to 2026 - Cumulative Impact of COVID-19' report has been added to ResearchAndMarkets.",https://apnews.com/press-release/business-wire/technology-business-united-states-408f4b6fe56444b6b3b55cb8b3faec72,22-10-2021 13:50,tech
66,Green Energy Technology,"This is an early access version, the complete PDF, HTML, and XML versions will be available soon.


Open AccessEditorial by
 1,2,3,*, 4,5,*, 6,* and 7,* 


1
Department of Aeronautics and Astronautics, National Cheng Kung University, Tainan 701, Taiwan


2
Research Center for Smart Sustainable Circular Economy, Tunghai University, Taichung 407, Taiwan


3
Department of Mechanical Engineering, National Chin-Yi University of Technology, Taichung 411, Taiwan


4
Centre for Green Technology, Faculty",https://www.mdpi.com/1996-1073/14/20/6842,19-10-2021 00:00,science
67,What Is Artificial Intelligence Technology In Mobile Phones?,"What Is Artificial Intelligence Technology In Mobile Phones? Tech Journal ·Just now

Let's take a look at what is AI technology in mobile. What is AI technology in mobile? What are the different types of AI technology that will be used in mobile devices? Are there any AI-powered smartphones shortly?

Read More @ https://bit.ly/3DWTEZI",https://medium.com/@techjournal.info/what-is-artificial-intelligence-technology-in-mobile-phones-31bcf109fa55,22-10-2021 12:55,entertainment
68,"Rackspace Technology to Announce Third Quarter 2021 Earnings on Monday, November 15, 2021","SAN ANTONIO, Oct. 21, 2021 (GLOBE NEWSWIRE) -- Rackspace Technology® (NASDAQ: RXT), a leading end-to-end multicloud technology solutions company, today announced that it will release its third quarter 2021 financial results after the market closes on Monday, November 15, 2021. Kevin Jones, Chief Executive Officer, and Amar Maletira, President and Chief Financial Officer, will also host a conference call on the day of the release (November 15, 2021) at 5:00 PM ET to discuss the Company's financial results.",https://finance.yahoo.com/news/rackspace-technology-announce-third-quarter-211200574.html,21-10-2021 21:12,finance
69,"Rackspace Technology to Announce Third Quarter 2021 Earnings on Monday, November 15, 2021","SAN ANTONIO, Oct. 21, 2021 (GLOBE NEWSWIRE) -- Rackspace Technology® (NASDAQ: RXT), a leading end-to-end multicloud technology solutions company, today announced that it will release its third quarter 2021 financial results after the market closes on Monday, November 15, 2021. Kevin Jones, Chief Executive Officer, and Amar Maletira, President and Chief Financial Officer, will also host a conference call on the day of the release (November 15, 2021) at 5:00 PM ET to discuss the Company's financial results.",https://www.globenewswire.com/news-release/2021/10/21/2318830/0/en/Rackspace-Technology-to-Announce-Third-Quarter-2021-Earnings-on-Monday-November-15-2021.html,21-10-2021 21:45,news
70,"The Contribution of Outward Foreign Direct Investment, Human Well-Being, and Technology toward a Sustainable Environment","This is an early access version, the complete PDF, HTML, and XML versions will be available soon.


Open AccessArticle by
 1, 2 and 1,* 


1
School of Economics & Finance, Xi'an Jiaotong University, Xi'an 710061, China


2
Department of Economics, Government College University, Faisalabad 38040, Pakistan


*
Author to whom correspondence should be addressed. 



Academic Editor: Bruce Morley

Sustainability 2021, 13(20), 11430; https://doi.org/10.3390/su132011430 (registering DOI)


Received: 12 August 2021 / Revised: 8 October 2021 / Accepted: 12 October 2021 / Published: 16 October 2021



Download PDF

Citation Export

 BibTeX

EndNote

RIS

Cite This Paper


 

This study evaluates the impact of outward foreign direct investment (OFDI), human well-being, and other macro indicators of the public sector on carbon footprint.",https://www.mdpi.com/2071-1050/13/20/11430,16-10-2021 00:00,science
71,Golden Grail Technology Corp Signs Contract Packing Agreement for Spider Energy Product Line With South African Based Cannergy International Inc.,"WESTON, Fla., Oct. 19, 2021 /PRNewswire/ -- Golden Grail Technology (OTC Markets: (GOGY) — a beverage brand house specializing in technology driven brand development, has announced the partnership with Cannergy International Inc. for the production of Spider Energy Products. 
The agreement was formalized September 1st, 2021 and focuses on the relaunch of the 4 pillar Spider Energy Products including: Spider Energy Mimic, Mimi Zero, Citrus Bite, and Citrus Bite Zero. 
""Cannergy International is ecstatic about our association with Golden Grail Technology and the Spider brand"", says Anthony Smith head of Cannergy International.",https://www.prnewswire.com/news-releases/golden-grail-technology-corp-signs-contract-packing-agreement-for-spider-energy-product-line-with-south-african-based-cannergy-international-inc-301402878.html,19-10-2021 12:30,news
72,CIO Leadership: How a ‘Trust and Inspire' Leadership Model That Fosters Collaboration and Innovation Will Drive the Discussion at the In-Person 2021 HMG Live! Silicon Valley Global Innovation Summit on October 29,"WESTPORT, Conn., Oct. 21, 2021 (GLOBE NEWSWIRE) -- HMG Strategy, the World's #1 digital platform for enabling technology executives to reimagine the enterprise and reshape the business world, is excited to be hosting its 2021 HMG Live! Silicon Valley Global Innovation Summit in-person on October 29 at the Hotel Nia in Menlo Park, CA. HMG Strategy's highly interactive events bring together the world's most distinguished and innovative business technology leaders to discuss the most pressing leadership, strategic, cultural, technology and career challenges and opportunities that they face today – and into the future.",https://www.globenewswire.com/news-release/2021/10/21/2318575/0/en/CIO-Leadership-How-a-Trust-and-Inspire-Leadership-Model-That-Fosters-Collaboration-and-Innovation-Will-Drive-the-Discussion-at-the-In-Person-2021-HMG-Live-Silicon-Valley-Global-Inn.html,21-10-2021 15:30,news
73,CIO Leadership: How a ‘Trust and Inspire' Leadership Model That Fosters Collaboration and ...,"WESTPORT, Conn., Oct. 21, 2021 (GLOBE NEWSWIRE) -- HMG Strategy, the World's #1 digital platform for enabling technology executives to reimagine the enterprise and reshape the business world, is excited to be hosting its 2021 HMG Live! Silicon Valley Global Innovation Summit in-person on October 29 at the Hotel Nia in Menlo Park, CA. HMG Strategy's highly interactive events bring together the world's most distinguished and innovative business technology leaders to discuss the most pressing leadership, strategic, cultural, technology and career challenges and opportunities that they face today – and into the future.",http://globenewswire.com/,21-10-2021 15:09,news
74,CIO Leadership: How a ‘Trust and Inspire' Leadership Model That Fosters Collaboration and Innovation Will Drive the Discussion at the In-Person 2021 HMG Live! Silicon Valley Global Innovation Summit o,"CIOs, CISOs and business technology executives at this event will also share how they are applying security innovation to help tackle the evolving threat landscape

Attend the In-Person 2021 HMG Live! Silicon Valley Global Innovation Summit

Come join the top CIOs and industry executives in Silicon Valley as we explore how a 'Trust and Inspire' leadership style can fuel employee collaboration and innovation.

Come join the top CIOs and industry executives in Silicon Valley as we explore how a 'Trust and Inspire' leadership style can fuel employee collaboration and innovation.",https://finance.yahoo.com/news/cio-leadership-trust-inspire-leadership-150900678.html,21-10-2021 15:09,finance
75,"Caesars Entertainment, Inc. Appoints Sandra Douglass Morgan to Board of Directors","LAS VEGAS and RENO, Nev., Oct. 22, 2021 /PRNewswire/ -- Caesars Entertainment, Inc. (NASDAQ: CZR) today announced the appointment of Sandra Douglass Morgan to its Board of Directors, effective November 7, 2021, and subject to required regulatory approvals. Morgan, an attorney, is the past chairwoman of the Nevada Gaming Control board and the first African American to serve as chair.

(PRNewsfoto/Caesars Entertainment Inc.)

Caesars Entertainment, Inc. today announced the appointment of Sandra Douglass Morgan to its Board of Directors.",https://finance.yahoo.com/news/caesars-entertainment-inc-appoints-sandra-125500274.html,22-10-2021 12:55,news
76,PDF Download!@ Entertainment Law: Fundamentals and Practice Read ^boo…,"1. WELCOME TO MY SLIDE DOWNLOAD OR READ BEST SELLER BOOK (PAGE 1)
Entertainment Law: Fundamentals and Practice
[PDF] Download Ebooks, Ebooks Download and Read Online, Read Onlline, Epub Ebook KINDLE, PDF Full eBook
BEST SELLER IN 2019-2021
CLICK NEXT PAGE 2. WELCOME TO MY SLIDE DOWNLOAD OR READ BEST SELLER BOOK (PAGE 2)
Entertainment Law: Fundamentals and Practice
BOOK REVIEW
CLICK NEXT PAGE 3. WELCOME TO MY SLIDE DOWNLOAD OR READ BEST SELLER BOOK (PAGE 3)
Entertainment Law: Fundamentals and Practice
BOOK DESCRIPTION
Entertainment Law: Fundamentals and Practice is a comprehensive and unique 'how to' guide covering every
area of entertainment law including fundamental principles, detailed business models, legal foundations, contract
terms, practical advice, and full legal citations for cases and statutes.",https://www.slideshare.net/Rayne543532525/pdf-download-entertainment-law-fundamentals-and-practice-read-book-epub,22-10-2021 03:32,news
77,O'Melveny poaches Manatt entertainment head in Century City,"The O'Melveny & Myers office in Washington, D.C. REUTERS/Andrew KellyThe company and law firm names shown above are generated automatically based on the text of the article. We are improving this feature as we continue to test and develop in beta. We welcome feedback, which you can provide using the feedback tab on the right of the page.(Reuters) - O'Melveny & Meyers announced on Monday that it has tapped veteran entertainment dealmaker Lindsay Conner, former leader of the entertainment group at Manatt, Phelps & Phillips, as a partner in Century City, California.",https://www.reuters.com/legal/legalindustry/omelveny-poaches-manatt-entertainment-head-century-city-2021-10-18/,18-10-2021 21:08,news
78,"Caesars Entertainment, Inc. Appoints Sandra Douglass Morgan to Board of Directors","Caesars Entertainment, Inc. today announced the appointment of Sandra Douglass Morgan to its Board of Directors.

Tweet this


Morgan was appointed chairwoman and executive director of the Nevada Gaming Control board in January of 2019 after serving on the Nevada Gaming Commission.  In her role as chair of Nevada gaming's regulatory agency, Morgan implemented sweeping changes, including ensuring licensees adopted and implemented policies against discrimination and paving the way for cashless wagering at machines and table games, as well as steering the industry through the start of the COVID-19 pandemic.",https://www.prnewswire.com/news-releases/caesars-entertainment-inc-appoints-sandra-douglass-morgan-to-board-of-directors-301406551.html,22-10-2021 12:55,news
79,"Caesars Entertainment, Inc. Appoints Sandra Douglass Morgan to Board of Directors","LAS VEGAS and RENO, Nev., Oct. 22, 2021 /PRNewswire/ -- Caesars Entertainment, Inc. (NASDAQ: CZR) today announced the appointment of Sandra Douglass Morgan to its Board of Directors, effective November 7, 2021, and subject to required regulatory approvals. Morgan, an attorney, is the past chairwoman of the Nevada Gaming Control board and the first African American to serve as chair.'We are delighted to add Sandra Douglass Morgan to the Caesars Entertainment leadership team,' said Gary Carano, Executive Chairman of the Board, Caesars Entertainment.",https://apnews.com/press-release/pr-newswire/business-las-vegas-nevada-reno-board-of-directors-6f7e8065b124c4f379e1c43b7d618a48,22-10-2021 12:56,business
80,Live Nation Entertainment Schedules Third Quarter 2021 Earnings Release And Teleconference,"LOS ANGELES, Oct. 21, 2021 /PRNewswire/ -- Live Nation Entertainment, Inc. (NYSE: LYV), the world's leading live entertainment company, will release its third quarter 2021 financial results after market hours on Thursday, November 4, 2021. Michael Rapino, Live Nation Entertainment's President and Chief Executive Officer, will host a teleconference that day at 2:00 p.m. PT (5:00 p.m. ET) to discuss the company's financial performance, operational outlook, and other forward-looking matters.
A live webcast of the call will be accessible from the ""News / Events"" section of the company's website at investors.",https://www.prnewswire.com/news-releases/live-nation-entertainment-schedules-third-quarter-2021-earnings-release-and-teleconference-301406204.html,21-10-2021 20:23,news
81,"Global Entertainment Robots Market Outlook 2021-2025: Market Sizing, Forecast and Industry Analysis","DUBLIN--(BUSINESS WIRE)--The ""Global Entertainment Robots Market 2021-2025"" report has been added to ResearchAndMarkets.com's offering.

The entertainment robots market is poised to grow by 3976.16 thousand units during 2021-2025, progressing at a CAGR of 12.21% during the forecast period.

This report on the entertainment robots market provides a holistic analysis, market size and forecast, trends, growth drivers, and challenges, as well as key vendor analysis.

The market is driven by the purpose of leisure and STEM Literacy.",http://www.businesswire.com/news/home/20211022005213/en/Global-Entertainment-Robots-Market-Outlook-2021-2025-Market-Sizing-Forecast-and-Industry-Analysis---ResearchAndMarkets.com/?feedref=JjAwJuNHiystnCoBq_hl-Q-tiwWZwkcswR1UZtV7eGe24xL9TZOyQUMS3J72mJlQ7fxFuNFTHSunhvli30RlBNXya2izy9YOgHlBiZQk2LOzmn6JePCpHPCiYGaEx4DL1Rq8pNwkf3AarimpDzQGuQ==,22-10-2021 10:54,tech
82,Gannett Schedules Third Quarter 2021 Results,"Home News Sports Living Arts & Entertainment Local Entertainment Games & Puzzles Movies Music National Entertainment Special Sections Classifieds Obituaries The Job Network Coronavirus News 
 Copyright Business Wire 2021.",https://www.businesswire.com/news/home/20211022005033/en/,22-10-2021 11:32,news
83,"Tencent Music Entertainment Group to Report Third Quarter 2021 Financial Results on November 8, 2021 Eastern Time","SHENZHEN, China, Oct. 18, 2021 /PRNewswire/ -- Tencent Music Entertainment Group (""Tencent Music"", ""TME"", or the ""Company"") (NYSE: TME), the leading online music and audio entertainment platform in China, today announced that it will report its unaudited financial results for the third quarter of 2021 after the U.S. market closes on Monday, November 8, 2021.
Tencent Music's management will hold a conference call on Monday, November 8, 2021, at 8:00 P.M. Eastern Time or 9:00 A.M. Beijing Time on Tuesday, November 9, 2021, to discuss the financial results.",https://www.prnewswire.com/news-releases/tencent-music-entertainment-group-to-report-third-quarter-2021-financial-results-on-november-8-2021-eastern-time-301402025.html,18-10-2021 10:00,news
84,Topgolf Tees Off Construction Of New Venue Serving Durham & Raleigh,"Construction on the new, three-level, 102-bay venue is underway and is projected to open in late summer 2022 in the growing Park on Page development near Research Triangle Park. This will be Topgolf's third entertainment venue in the state of North Carolina, as the company known for its high-tech gaming experience, outdoor hitting bays and renowned food and beverage menu also operates two venues in the Charlotte area.

""We could not be more excited to bring the Topgolf experience to the Durham and Raleigh communities next year,"" said Topgolf Chief Development Officer Chris Callaway.",https://www.prnewswire.com/news-releases/topgolf-tees-off-construction-of-new-venue-serving-durham--raleigh-301405730.html,21-10-2021 13:00,sport
85,"Cary Street Partners Taps Leadership for Summit, New Jersey","Home News Sports Living Arts & Entertainment Local Entertainment Games & Puzzles Movies Music National Entertainment Special Sections Classifieds Obituaries The Job Network Coronavirus News 
 Copyright Business Wire 2021.",https://www.businesswire.com/news/home/20211018005128/en/,18-10-2021 12:02,news
86,Advance Auto Parts Names Gilmore 2021 Vendor of the Year,"Home News Sports Living Arts & Entertainment Local Entertainment Games & Puzzles Movies Music National Entertainment Special Sections Classifieds Obituaries The Job Network Coronavirus News 
 Copyright Business Wire 2021.",https://www.businesswire.com/news/home/20211019006186/en/,19-10-2021 20:51,news
87,ICE Launches Transaction-Based Indices for Residential Mortgage Interest Rates,"Home News Sports Living Arts & Entertainment Local Entertainment Games & Puzzles Movies Music National Entertainment Special Sections Classifieds Obituaries The Job Network Coronavirus News 
 Copyright Business Wire 2021.",https://www.businesswire.com/news/home/20211018005569/en/,18-10-2021 12:33,news
88,KKR Real Estate Finance Trust Inc. to Present at the Moody's Banking Series 2021,Home News Sports Living Arts & Entertainment Local Entertainment Games & Puzzles Movies Music National Entertainment Special Sections Classifieds Obituaries The Job Network Coronavirus News,https://www.businesswire.com/news/home/20211018005971/en/,18-10-2021 20:46,news
89,Hyperion Executes Option Agreement to Acquire Leading Metals Technology Company,"Home News Sports Living Arts & Entertainment Local Entertainment Games & Puzzles Movies Music National Entertainment Special Sections Classifieds Obituaries The Job Network Coronavirus News 
 Copyright Business Wire 2021.",https://www.businesswire.com/news/home/20211021005373/en/,21-10-2021 12:30,news
90,Financial Industry and Payments Veteran Executive Robert Keil Joins Sutton Bank,"Home News Sports Living Arts & Entertainment Local Entertainment Games & Puzzles Movies Music National Entertainment Special Sections Classifieds Obituaries The Job Network Coronavirus News 
 Copyright Business Wire 2021.",https://www.businesswire.com/news/home/20211021006068/en/,21-10-2021 20:36,news
91,Adtalem Global Education Announces First Quarter Fiscal 2022 Conference Call,"Home News Sports Living Arts & Entertainment Local Entertainment Games & Puzzles Movies Music National Entertainment Special Sections Classifieds Obituaries The Job Network Coronavirus News 
 Copyright Business Wire 2021.",https://www.businesswire.com/news/home/20211020006011/en/,20-10-2021 20:05,news
92,Tetra Tech Wins $25 Million USAID Water and Sanitation Contract,"Home News Sports Living Arts & Entertainment Local Entertainment Games & Puzzles Movies Music National Entertainment Special Sections Classifieds Obituaries The Job Network Coronavirus News 
 Copyright Business Wire 2021.",https://www.businesswire.com/news/home/20211019005291/en/,19-10-2021 13:02,news
93,Knight-Swift Transportation Holdings Inc. Announces Results for Third Quarter 2021,Home News Sports Living Arts & Entertainment Local Entertainment Games & Puzzles Movies Music National Entertainment Special Sections Classifieds Obituaries The Job Network Coronavirus News,https://www.businesswire.com/news/home/20211020005051/en/,20-10-2021 13:02,news
94,"Black & Veatch: Food, Beverage Companies Increasingly Eye Sustainability to Improve Operations, Bottom Line","Home News Sports Living Arts & Entertainment Local Entertainment Games & Puzzles Movies Music National Entertainment Special Sections Classifieds Obituaries The Job Network Coronavirus News 
 Copyright Business Wire 2021.",https://www.businesswire.com/news/home/20211019005238/en/,19-10-2021 13:02,news
95,Joan Lamm-Tennant Named Independent Chair of the Equitable Holdings Board of Directors,"Home News Sports Living Arts & Entertainment Local Entertainment Games & Puzzles Movies Music National Entertainment Special Sections Classifieds Obituaries The Job Network Coronavirus News 
 Copyright Business Wire 2021.",https://www.businesswire.com/news/home/20211022005512/en/,22-10-2021 20:31,news
96,"Kinder Morgan Issues 2020 Environmental, Social and Governance Report","Home News Sports Living Arts & Entertainment Local Entertainment Games & Puzzles Movies Music National Entertainment Special Sections Classifieds Obituaries The Job Network Coronavirus News 
 Copyright Business Wire 2021.",https://www.businesswire.com/news/home/20211021005900/en/,21-10-2021 20:30,news
97,"Insperity Third Quarter Earnings Conference Call Monday, November 1","Home News Sports Living Arts & Entertainment Local Entertainment Games & Puzzles Movies Music National Entertainment Special Sections Classifieds Obituaries The Job Network Coronavirus News 
 Copyright Business Wire 2021.",https://www.businesswire.com/news/home/20211021005067/en/,21-10-2021 20:30,news
98,3D at Nexeo Plastics to Offer Polymaker 3D Printing Filaments in North America,"Home News Sports Living Arts & Entertainment Local Entertainment Games & Puzzles Movies Music National Entertainment Special Sections Classifieds Obituaries The Job Network Coronavirus News 
 Copyright Business Wire 2021.",https://www.businesswire.com/news/home/20211020005619/en/,20-10-2021 13:02,news
99,Wealth Manager David Munoz Joins First Republic in New York,"Home News Sports Living Arts & Entertainment Local Entertainment Games & Puzzles Movies Music National Entertainment Special Sections Classifieds Obituaries The Job Network Coronavirus News 
 Copyright Business Wire 2021.",https://www.businesswire.com/news/home/20211018005065/en/,18-10-2021 13:02,news
100,The difference between Business Analysis and Business Analytics,"Business Analysis

It is mainly used to analyze the company's entire working process, business development, and other aspects. Such as discovering new business needs, and proposing/improving solutions to certain business problems. It may include changes in the company's organization, improvement of business processes, strategic planning, policy…",https://medium.com/dataprophet/the-difference-between-business-analysis-and-business-analytics-d55bd3cdaf5?source=rss------deep_learning-5,16-10-2021 06:09,news
101,Writing Off the Expenses of Starting Your Own Business,"Starting a business is no easy task, and some significant expenses can apply. Depending on your business scope, you may be able to deduct certain startup costs as business expenses from your taxes. Business expenses are costs incurred by your business to generate more revenue. 
 
Any expense that helps your business make more money could potentially count as a business expense. This can include costs such as advertising, payroll, rent, software fees, utility fees, and more. 
 
To help your startup save money, you should understand how to achieve the maximum tax deductions.",https://www.thebalance.com/writing-off-the-expenses-of-starting-your-own-business-5206929,22-10-2021 20:46,news
102,How To Register a Business Name,"Finding a business name is, well, serious business. You want something that will grow as your company does. While you can rebrand with a new name down the line, you'll save time, money, and confusion for clients by finding a business name to stick with for as long as possible.

But you can't just slap a sign on a website or building and call it a day. For legal and tax purposes, you typically have to register your business name. Unless you are a sole proprietor operating under your own name, you'll need to work with local, state, and federal agencies to register your business name.",https://blog.hubspot.com/sales/how-to-register-a-business-name,19-10-2021 11:00,business
103,"PDF Download*% Essential Statistics for Economics, Business and Manag…","Upcoming SlideShare What to Upload to SlideShare 
 Download to read offline and view in fullscreen. Author : by {""isAjaxInProgress_B001HCVKSG"":""0"",""isAjaxComplete_B001HCVKSG"":""0""} Teresa Bradley (Author) › Visit Amazon's Teresa Bradley Page Find all the books, read about the author, and more. See search results for this author Are you an author? Learn about Author Central Teresa Bradley (Author) Read Or Download => https://pdfupdates.com/0470850795 Essential Statistics for Economics, Business an",https://www.slideshare.net/nasirmckinley/pdf-download-essential-statistics-for-economics-business-and-management-read-book-epub,22-10-2021 03:32,news
104,"NBA, LegalZoom Team Up To Provide $6 Million In Support To Small Business Owners","The National Basketball Association (NBA) and LegalZoom, an online platform for legal services are teaming up to create 'Fast Break for Small Businesses.'

The Fast Break for Small Businesses Initiative will award $6 million in grants and LegalZoom services to support thousands of small businesses across the country. The initiative plans to change the game by removing barriers minorities, women, immigrants and the LGBTQ face trying to start and maintain a small business.

Former NBA All-Star Grant Hill is serving as an ambassador to the Fast Break for Small Business initiative believes LegalZoom and the NBA is working to help small business owners.",https://news.yahoo.com/nba-legalzoom-team-6-million-001043329.html,16-10-2021 00:10,news
105,MX Introduces MXdata For Business,"LEHI, Utah, Oct. 20, 2021 /PRNewswire/ -- MX, the financial data platform and leader in modern connectivity, today announced MXdata for Business. Built on MX's industry-leading financial data platform, MXdata for Business enhances business transaction data with cleansed descriptions, business-specific categories, classifiers, merchant logos, location data, and more. MXdata for Business provides a more holistic data solution for organizations interacting with small and midsize businesses (SMBs)—which increases the effectiveness of existing revenue streams, and simultaneously identifies new revenue opportunities.",https://apnews.com/press-release/pr-newswire/cb0d613b19c1fc3280c55de5b232415b,20-10-2021 15:21,news
106,Business Loan vs. Personal Loan: Which Is Best?,"For many companies and individuals, getting a loan can be a viable option to get access to immediate cash for both business and personal needs. However, there is no one-size-fits-all type of loan.
 
Whether you are a seasoned entrepreneur with a business in a cash crunch, or a new contractor looking for capital to take your business off the ground, you need to consider your financial needs to understand which type of loan is right for you.
 
Business loans provide capital for growing your company while personal loans can be used for nearly any purpose.",https://www.thebalance.com/business-loan-vs-personal-loan-which-is-best-5206434,20-10-2021 13:43,business
107,Sound Business Financial Literacy Skills Will Set Your Company Up For Profit,"What do you think is more important in business – sales or profit? It's a trick question because, without sales, there would be no profit in a business. However, without consistent profit in a company, there would be no business. As a business owner, there are many hats you need to wear, including the hat of a financial person. Smiling business woman getty You do not need to be an accountant, you do not need to do your bookkeeping, but if you are the CEO of your business, you need a high-level understanding of your business finances.",https://www.forbes.com/sites/melissahouston/2021/10/20/sound-business-financial-literacy-skills-will-set-your-company-up-for-profit/,20-10-2021 09:00,business
108,"Download In %PDF Demand Management Best Practices: Process, Principle…","Upcoming SlideShare What to Upload to SlideShare 
 Download to read offline and view in fullscreen. Author : by {""isAjaxComplete_B001K7T030"":""0"",""isAjaxInProgress_B001K7T030"":""0""} Colleen Crum (Author) › Visit Amazon's Colleen Crum Page Find all the books, read about the author, and more. See search results for this author Are you an author? Learn about Author Central Colleen Crum (Author), George Palmatier (Author) Read Or Download => https://bookslow.com/1932159010 Demand Management Best Pract",https://www.slideshare.net/AllysonSoto1/download-in-pdf-demand-management-best-practices-process-principles-and-collaboration-integrated-business-management-read-book-epub-250498001,22-10-2021 03:32,news
109,Online business school accreditation: What you need to know,"Accreditation indicates a school or program meets the standards established by the accrediting body. Colleges and universities hold regional or national accreditation, a designation that extends to on-campus and online offerings. Within institutions, individual departments and degrees may hold additional programmatic accreditations. For online business schools, programmatic accreditation comes from one of three professional bodies. Each accreditor certifies the academic quality of business degrees based on its own criteria for quality and excellence.",https://www.zdnet.com/article/online-business-school-accreditation/,22-10-2021 17:19,news
110,MX Introduces MXdata For Business,"""The needs and expectations of small businesses have evolved to require more technical product offerings to help them better manage their finances and grow their business,"" said Brett Allred, Chief Product Officer, MX. ""Once they get access to standardized, actionable data, organizations can track and measure performance gaps, identify new areas of investment, and develop profiles for their business customers. As a former small business owner, I know that accurate and insightful financial data is essential to grow a business.",https://www.prnewswire.com/news-releases/mx-introduces-mxdata-for-business-301404229.html,20-10-2021 14:03,news
111,Business courses online: Grow your business skills from home,"Whether you already work in business, want to transition into the field, or aspire to be your own boss, online business courses teach the skills to succeed, which you can learn from the comfort of your own home.Business courses online range from introductory to advanced, designed to accommodate your busy schedule. Taking online business classes also gives you an opportunity to explore the world of business and decide if a degree in the discipline is in your future. Should I take business courses online or pursue an MBA?If you want a quick, flexible, and affordable option for learning business skills, you should take business courses online.",https://www.zdnet.com/article/business-courses-overview/,21-10-2021 18:43,business
112,How supply chain disruptions are affecting Columbia Sportswear's business,"How supply chain disruptions are affecting Columbia Sportswear's business NPR's Michel Martin speaks with Columbia Sportswear CEO Tim Boyle about how recent supply chain issues have challenged his company.

Business How supply chain disruptions are affecting Columbia Sportswear's business How supply chain disruptions are affecting Columbia Sportswear's business Listen · 3:53 3:53 NPR's Michel Martin speaks with Columbia Sportswear CEO Tim Boyle about how recent supply chain issues have challenged his company.",https://www.npr.org/2021/10/17/1046905239/how-supply-chain-disruptions-are-affecting-columbia-sportswears-business,17-10-2021 21:04,news
113,Associate degrees in business administration: What to expect,"Whether you're a high school graduate or working professional, starting your higher education is a major career decision. This business administration associate degree guide explores online and traditional programs, course requirements, and hands-on learning opportunities and internships. It also goes over important soft and hard skills for business leaders seeking career advancement. What is an associate degree in business administration?An associate degree in business administration is the foundation of gaining a global understanding of business fundamentals.",https://www.zdnet.com/article/business-administration-associate/,22-10-2021 00:31,tech
114,Wells Fargo Business Secured Credit Card review 2021,"View now Business credit is difficult to get until a company is well established. In most cases, business founders need to put up their personal assets (and credit score) to get approved for a business line of credit. Entrepreneurs may not want to risk their personal credit for their company -- or may not even be able to, due to poor credit. The Wells Fargo Business Secured Credit Card is one of the few card options available for small businesses wanting to build credit while supplementing cash flow.",https://www.zdnet.com/article/wells-fargo-business-secured-credit-card-review/,21-10-2021 03:00,news
115,5 Important Factors To Consider Before Selling Your Business,"There are many reasons why people might choose to sell a business. Sometimes, they don't have enough time to continue investing, are ready to cash out, or simply have decided to focus on other parts of their life. Even when someone is not quite ready to sell their business today, it's crucial to have a structure in place for doing so and this will greatly improve the day-to-day operations.

It's much more difficult to make substantial changes the further along a business develops, so starting off early on with the proper structure is crucial.",https://www.forbes.com/sites/mikeswigunski/2021/10/22/5-important-factors-to-consider-before-selling-your-business,22-10-2021 14:30,business
116,Everything Marketers Should Know About Facebook Business Suite,"If you're managing social accounts on Facebook, Instagram, or both, you can likely benefit from the management dashboard that is Facebook Business Suite.
This free tool offers some powerful features for professional users. It can't tackle all of your daily social media needs, but it can help a lot. Let's look at how Facebook Business Suite can help your business and when you might need to add other tools into the mix. Bonus: Get a free social media analytics report template that shows you the most important metrics to track for each network.",https://blog.hootsuite.com/?p=295741,19-10-2021 19:00,news
117,"Chase Ink Business Unlimited Review: Good Choice for Simple, 1.5% Cash Back Business Rewards","We want to help you make more informed decisions. Some links on this page — clearly marked — may take you to a partner website and may result in us earning a referral commission. For more information, see How We Make Money.   Terms apply to American Express benefits and offers. Enrollment may be required for some American Express benefits and offers. Visit americanexpress.com to learn more. Ink Business Unlimited® Credit Card Editor's Score: (N/A)Last updated October 22, 2021All reviews are prepared by NextAdvisor staff.",https://time.com/nextadvisor/credit-cards/chase/ink-business-unlimited-credit-card-review/,22-10-2021 10:30,news
118,5 Steps You Can Take to Start a Small Town Business,"Opinions expressed by Entrepreneur contributors are their own. There are many different kinds of entrepreneurs. Some are drawn to a business just because of an innate passion for what they are doing, some are bred into it and others discovered a problem and want to create a solution for that problem in the marketplace. For those who want to start a business in the small-town communities  — how can you make sure you do it right?Related: Who Is an EntrepreneurIdentifying a gap in a small town is as simple as a Google search followed by taking a walk.",https://www.entrepreneur.com/article/380261,16-10-2021 21:00,business
119,Bank of America Launches Business Advantage Unlimited Cash Rewards Card for Entrepreneurs,"CHARLOTTE, N.C., Oct. 21, 2021 /PRNewswire/ -- Bank of America today announced the launch of the Business Advantage Unlimited Cash Rewards card. This new card allows small business owners to earn unlimited 1.5% cash back on all purchases. Cash rewards don't expire, and redemption is simple: small business clients can redeem their cash back for any amount, at any time for statement credits or deposits directly into a Bank of America checking or savings account, or for credit to an eligible Merrill account.",https://www.prnewswire.com/news-releases/bank-of-america-launches-business-advantage-unlimited-cash-rewards-card-for-entrepreneurs-301405640.html,21-10-2021 13:00,finance
120,Bank of America Launches Business Advantage Unlimited Cash Rewards Card for Entrepreneurs,"Preferred Rewards for Business Members Earn 25% to 75% More Cash Back on Every Purchase; New Payments and Invoicing Solution also among Latest Innovations for Small Business Clients

CHARLOTTE, N.C., Oct. 21, 2021 /PRNewswire/ -- Bank of America today announced the launch of the Business Advantage Unlimited Cash Rewards card. This new card allows small business owners to earn unlimited 1.5% cash back on all purchases. Cash rewards don't expire, and redemption is simple: small business clients can redeem their cash back for any amount, at any time for statement credits or deposits directly into a Bank of America checking or savings account, or for credit to an eligible Merrill account.",https://finance.yahoo.com/news/bank-america-launches-business-advantage-130000420.html,21-10-2021 13:00,finance
121,Best Startup Business Loans Ultimate Guide 2021,"Getting a small business loan can be challenging if your company doesn't have an established history of success. However, there are several types of startup loans that are suited to a range of needs and qualifications.
Online Term Loans
Term loans are typically available through traditional banks and online lenders; however, banks may require more qualification requirements than online lenders. Term loans from online lenders generally have maximum limits between $250,000 and $500,000, but newly established startups likely won't qualify for loan amounts that high.",https://www.forbes.com/advisor/business-loans/best-startup-business-loans/,20-10-2021 16:07,news
122,Bank of America Business Advantage Customized Cash Rewards credit card review,"Gig workers, freelancers, small business owners and anyone starting a business should consider having a business credit card to separate their personal expenses from company-related ones. This Bank of America Business Advantage Customized Cash Rewards credit card review explores the card as an option.Even if you don't have established business credit, you could apply and get a business credit card using your personal credit. The Bank of America Business Advantage Customized Cash Rewards credit card could earn you the most cash back when the bulk of your company spending occurs in one type of category.",https://www.zdnet.com/article/bank-of-america-business-advantage-customized-cash-rewards-card-review/,21-10-2021 01:00,tech
123,The Cost & Importance of Small Business Insurance,"No matter the industry, small businesses need to protect their work and assets. While small business insurance can seem like a burden, it's an important part of doing business. But how much should you be paying for business insurance? And how can you be sure your investments are properly protecting you?

Your small business insurance costs will vary based on factors like your preferred type of coverage and industry. If you're searching for small business insurance, knowing some common prices for your line of work can help you navigate the various quotes you receive to choose the best policy and company for you.",https://blog.hubspot.com/sales/small-business-insurance-cost,22-10-2021 11:00,business
124,"Gartner Survey of Over 2,000 CIOs Reveals the Need for Enterprises to Embrace Business Composability in 2022","October 18, 2021 02:00 PM Eastern Daylight Time STAMFORD, Conn.--(BUSINESS WIRE)--Enterprises must embrace business composability to thrive through disruption in 2022 and beyond, according to Gartner, Inc.'s annual global survey of CIOs and technology executives.



Business composability is the mindset, technologies, and set of operating capabilities that enable organizations to innovate and adapt quickly to changing business needs. It is built on applying the key principle of modularity to business assets to achieve the scale and pace required of business ambition.",https://www.businesswire.com/news/home/20211018005875/en/Gartner-Survey-of-Over-2000-CIOs-Reveals-the-Need-for-Enterprises-to-Embrace-Business-Composability-in-2022,18-10-2021 18:00,tech
